{
  "parameters": {
    "n_estimators": 200,
    "learning_rate": 0.05,
    "max_depth": 2,
    "min_samples_leaf": 25,
    "subsample": 0.7
  },
  "model_type": "binary_classifier",
  "target_definition": "top 25% / bottom 25% return in 10d (neutral zone)",
  "training_samples": 21276,
  "positive_rate": 0.5069,
  "cv_auc_mean": 0.5144,
  "cv_auc_std": 0.0288,
  "purging_days": 10,
  "train_auc": 0.6592,
  "test_auc": 0.5853,
  "test_logloss": 0.6824,
  "overfit_gap": 0.0739,
  "quality_pass": true,
  "training_duration": 18.0,
  "saved_at": "2026-03-03T09:23:36.421100",
  "model_version": "gradient_boosting_v20260303_092336",
  "feature_importances": [
    [
      "atr_ratio",
      0.177761
    ],
    [
      "rs_vs_mkt_3m",
      0.086188
    ],
    [
      "macd_diff",
      0.080224
    ],
    [
      "bullish_fractal_5d",
      0.076392
    ],
    [
      "adx",
      0.073898
    ],
    [
      "high_52w_ratio",
      0.066922
    ],
    [
      "bb_width",
      0.06159
    ],
    [
      "price_sma_5_ratio",
      0.057177
    ],
    [
      "fisher",
      0.053642
    ],
    [
      "vix_change_5d",
      0.051907
    ],
    [
      "sp500_1m",
      0.038498
    ],
    [
      "vix_level",
      0.035958
    ],
    [
      "mom_accel",
      0.032125
    ],
    [
      "macd_slope_5d",
      0.028031
    ],
    [
      "vzo",
      0.026575
    ],
    [
      "vol_ratio",
      0.020158
    ],
    [
      "cmf",
      0.017323
    ],
    [
      "adx_di_diff",
      0.015633
    ]
  ],
  "calibration": [
    0.25239889201269916,
    0.3401774389994603,
    0.3630728131062974,
    0.37668632647006517,
    0.3889746731456191,
    0.39713917278754324,
    0.4033809158230128,
    0.40887756236114137,
    0.4135990139948557,
    0.41894431731718423,
    0.4234876579554876,
    0.42826983751365555,
    0.4319365576225349,
    0.4354656707065792,
    0.43877772032275236,
    0.44214100405135426,
    0.4439195342491099,
    0.4470775259412948,
    0.4502019801199825,
    0.45270299477713527,
    0.4561972330018305,
    0.45927339768606756,
    0.46113258407933033,
    0.463764399683841,
    0.46609984547250194,
    0.4683361563813622,
    0.47050103349791245,
    0.472788870914557,
    0.47493674104559586,
    0.47662884770356917,
    0.4784394170959293,
    0.4800981219694807,
    0.4815015659477162,
    0.4831294438700483,
    0.48487723917322295,
    0.48646818731475366,
    0.4883434728613389,
    0.4898310245686025,
    0.4916836083262928,
    0.49326642977505375,
    0.4947387988799715,
    0.4959618871598871,
    0.49809693726248816,
    0.49979256456513876,
    0.5013697037108287,
    0.5029196546202098,
    0.5047433433606201,
    0.5057886141727062,
    0.5070292719134972,
    0.5084820059389483,
    0.5105906649426671,
    0.5124390951678031,
    0.5139055748666943,
    0.5152975532293529,
    0.5167678943564389,
    0.5185860168066255,
    0.520395037062393,
    0.5221941567153756,
    0.5237838535201041,
    0.5255796333673076,
    0.5274845160473264,
    0.52892284538962,
    0.5304836448564073,
    0.5317250750176589,
    0.5330223216244305,
    0.5346226602781265,
    0.5361921107982693,
    0.5379778629376777,
    0.5397071949966364,
    0.5416759733228064,
    0.5432921161640433,
    0.5450358822655326,
    0.5468300816183905,
    0.5486115251604912,
    0.550360370612503,
    0.5519145234408406,
    0.5540544382844995,
    0.5555418801251253,
    0.5573372907537778,
    0.5594740604793967,
    0.5616037814481534,
    0.5637947803784736,
    0.5657258085731808,
    0.5676476908832015,
    0.570151541089975,
    0.5725875518460835,
    0.5754580092716893,
    0.57811049879535,
    0.581401233489825,
    0.5844465662640524,
    0.5871861063612995,
    0.5902610274354406,
    0.5937986288328799,
    0.5975260133926473,
    0.6028868461991129,
    0.6095327516730579,
    0.619577944631774,
    0.6338123034948009,
    0.6550728894119512,
    0.6928640485707861,
    0.8046920612281108
  ]
}