{
  "parameters": {
    "n_estimators": 200,
    "learning_rate": 0.05,
    "max_depth": 2,
    "min_samples_leaf": 25,
    "subsample": 0.7
  },
  "model_type": "binary_classifier",
  "target_definition": "top 25% / bottom 25% return in 10d (neutral zone)",
  "training_samples": 21276,
  "positive_rate": 0.5069,
  "cv_auc_mean": 0.5144,
  "cv_auc_std": 0.0288,
  "purging_days": 10,
  "train_auc": 0.6592,
  "test_auc": 0.585,
  "test_logloss": 0.6825,
  "overfit_gap": 0.0742,
  "quality_pass": true,
  "training_duration": 44.4,
  "saved_at": "2026-03-03T21:12:58.401286",
  "model_version": "gradient_boosting_v20260303_211258",
  "feature_importances": [
    [
      "atr_ratio",
      0.177761
    ],
    [
      "rs_vs_mkt_3m",
      0.086188
    ],
    [
      "macd_diff",
      0.080224
    ],
    [
      "bullish_fractal_5d",
      0.076392
    ],
    [
      "adx",
      0.073898
    ],
    [
      "high_52w_ratio",
      0.066922
    ],
    [
      "bb_width",
      0.06159
    ],
    [
      "price_sma_5_ratio",
      0.057177
    ],
    [
      "fisher",
      0.053642
    ],
    [
      "vix_change_5d",
      0.051907
    ],
    [
      "sp500_1m",
      0.038498
    ],
    [
      "vix_level",
      0.035958
    ],
    [
      "mom_accel",
      0.032125
    ],
    [
      "macd_slope_5d",
      0.028031
    ],
    [
      "vzo",
      0.026575
    ],
    [
      "vol_ratio",
      0.020158
    ],
    [
      "cmf",
      0.017323
    ],
    [
      "adx_di_diff",
      0.015633
    ]
  ],
  "calibration": [
    0.2523988920126992,
    0.3401774389994603,
    0.36263763644204255,
    0.3766036850456489,
    0.38835796751397783,
    0.39606558102163475,
    0.4030560278114985,
    0.40845848138968543,
    0.4133725318946433,
    0.4186663719151928,
    0.42327908944372516,
    0.42822803186101144,
    0.43182700822737335,
    0.4353198500503825,
    0.4387164951973824,
    0.4420074259081563,
    0.4437590888607746,
    0.4469069112469895,
    0.45003796299643223,
    0.45262152963661995,
    0.45604210198299144,
    0.45918293370976876,
    0.4610763536273907,
    0.4635519419577285,
    0.4660076191661145,
    0.4682186458397668,
    0.4704367081165692,
    0.4726986928903051,
    0.47491274166696806,
    0.4766021184186857,
    0.4783435879561472,
    0.48004769044047135,
    0.4814237717895743,
    0.4829888804199063,
    0.4847888709917369,
    0.48638152633792886,
    0.4881993513288259,
    0.4897655556341185,
    0.4915498704572527,
    0.49320444387818146,
    0.4946514668048179,
    0.4959450568983581,
    0.4979689163217164,
    0.4997105046424279,
    0.5012920477588486,
    0.5028825912240807,
    0.5047181568295022,
    0.5057119573286478,
    0.5069834170195322,
    0.5084434695311537,
    0.5105849052079152,
    0.5124303280705726,
    0.5138256874919995,
    0.5152812629444548,
    0.5167550646292226,
    0.518541401033283,
    0.5203632311719976,
    0.5221821020078384,
    0.5236773052702743,
    0.5254803266652351,
    0.5274122456192077,
    0.5288945369316085,
    0.5304753202049313,
    0.531710282363823,
    0.5329892907388584,
    0.5345672489584914,
    0.5361199923398802,
    0.5379641704619326,
    0.5396649049619324,
    0.5416413390858421,
    0.5432693442333252,
    0.5450040182406888,
    0.5468033373011151,
    0.5485620507515232,
    0.550330322597685,
    0.5518307370711208,
    0.5539383203013405,
    0.5554671152239373,
    0.5573127896991743,
    0.5594275906963371,
    0.561578078276478,
    0.5637329360135722,
    0.5657258085731808,
    0.5676476908832015,
    0.570151541089975,
    0.5725875518460835,
    0.5754580092716893,
    0.57811049879535,
    0.581401233489825,
    0.5844465662640524,
    0.5871861063612996,
    0.5902610274354406,
    0.5937986288328799,
    0.5975260133926473,
    0.6028868461991129,
    0.6095327516730579,
    0.619577944631774,
    0.6338123034948009,
    0.6550728894119512,
    0.6928640485707861,
    0.8046920612281108
  ]
}