{
  "parameters": {
    "n_estimators": 300,
    "max_depth": 4,
    "min_samples_split": 20,
    "min_samples_leaf": 20,
    "max_features": 0.5,
    "class_weight": "balanced"
  },
  "model_type": "binary_classifier",
  "target_definition": "top 25% / bottom 25% return in 10d (neutral zone)",
  "training_samples": 21276,
  "positive_rate": 0.5069,
  "cv_auc_mean": 0.5074,
  "cv_auc_std": 0.0307,
  "purging_days": 10,
  "train_auc": 0.6492,
  "test_auc": 0.5754,
  "test_logloss": 0.6859,
  "overfit_gap": 0.0738,
  "quality_pass": true,
  "training_duration": 18.0,
  "saved_at": "2026-03-03T21:12:13.887012",
  "model_version": "random_forest_v20260303_211213",
  "feature_importances": [
    [
      "atr_ratio",
      0.205114
    ],
    [
      "bullish_fractal_5d",
      0.126359
    ],
    [
      "rs_vs_mkt_3m",
      0.085184
    ],
    [
      "fisher",
      0.070972
    ],
    [
      "macd_diff",
      0.056268
    ],
    [
      "high_52w_ratio",
      0.055418
    ],
    [
      "vix_change_5d",
      0.053525
    ],
    [
      "vix_level",
      0.052722
    ],
    [
      "price_sma_5_ratio",
      0.052563
    ],
    [
      "adx",
      0.04709
    ],
    [
      "macd_slope_5d",
      0.039089
    ],
    [
      "bb_width",
      0.032974
    ],
    [
      "vzo",
      0.030576
    ],
    [
      "cmf",
      0.022521
    ],
    [
      "mom_accel",
      0.021867
    ],
    [
      "adx_di_diff",
      0.017414
    ],
    [
      "sp500_1m",
      0.015462
    ],
    [
      "vol_ratio",
      0.014883
    ]
  ],
  "calibration": [
    0.38026697969017953,
    0.4002048096495784,
    0.40455312634401747,
    0.4091111315587069,
    0.41244706182365054,
    0.4158600179745656,
    0.41903714436647765,
    0.42178785278363956,
    0.4244208793736312,
    0.4277127755561751,
    0.43080280187725,
    0.43404713279437795,
    0.43762210534626395,
    0.44134441419961595,
    0.4447275713103832,
    0.4484349976183621,
    0.4508634152676865,
    0.45338354510712753,
    0.45566508678843115,
    0.4583338005637635,
    0.4603966234776401,
    0.4624518920763178,
    0.4639827780108492,
    0.46544630921480745,
    0.4668122125122866,
    0.4681560731381588,
    0.4695331791280925,
    0.4710427782490064,
    0.47244565558556795,
    0.47360115792969054,
    0.4748330230725146,
    0.4761445475675315,
    0.4776150547814374,
    0.47883455229753713,
    0.48026852227484124,
    0.48150609079036766,
    0.4826412315613213,
    0.4835891506015941,
    0.48493436490593095,
    0.48657489525274394,
    0.48777209046421266,
    0.4890569222626378,
    0.4903514706880333,
    0.4914562598721674,
    0.4927194414680258,
    0.49371500321025263,
    0.49491016902585994,
    0.4961009112237534,
    0.4970865557087365,
    0.4979593235117417,
    0.49897494548060994,
    0.49970477935061247,
    0.5005410573899197,
    0.5015819697598648,
    0.50258542226155,
    0.5036519254894328,
    0.5048733809733148,
    0.50604580610866,
    0.5072149004093608,
    0.5079975879834812,
    0.5092118505365902,
    0.5103995886541628,
    0.5117485071111892,
    0.512691453790435,
    0.5138205210785421,
    0.5149928761187059,
    0.5158515714910331,
    0.5171241096963654,
    0.5183053636916445,
    0.5193871535962954,
    0.5208250386728541,
    0.5218188870592174,
    0.5230193754414886,
    0.5240286330860403,
    0.5249037164667097,
    0.5259053194373511,
    0.5268051642811038,
    0.5277080684628302,
    0.5286180830360615,
    0.5297131358548103,
    0.5307628912271949,
    0.5316463540809665,
    0.5330372900712482,
    0.5345434892900612,
    0.5358491316261187,
    0.537136971048556,
    0.5387379091008735,
    0.540108646792455,
    0.5416050939465136,
    0.5433164363368904,
    0.54472970320819,
    0.5464450313549333,
    0.5483848544971256,
    0.550707699695024,
    0.5539866387981417,
    0.556215406178388,
    0.5586192117481978,
    0.5621646246986142,
    0.568218493733068,
    0.5796735698719285,
    0.6415174735707386
  ]
}