{
  "parameters": {
    "n_estimators": 300,
    "max_depth": 4,
    "min_samples_split": 20,
    "min_samples_leaf": 20,
    "max_features": 0.5,
    "class_weight": "balanced"
  },
  "model_type": "binary_classifier",
  "target_definition": "top 25% / bottom 25% return in 10d (neutral zone)",
  "training_samples": 21276,
  "positive_rate": 0.5069,
  "cv_auc_mean": 0.5074,
  "cv_auc_std": 0.0306,
  "purging_days": 10,
  "train_auc": 0.6492,
  "test_auc": 0.5751,
  "test_logloss": 0.6859,
  "overfit_gap": 0.0741,
  "quality_pass": true,
  "training_duration": 4.0,
  "saved_at": "2026-03-03T09:23:18.418957",
  "model_version": "random_forest_v20260303_092318",
  "feature_importances": [
    [
      "atr_ratio",
      0.205114
    ],
    [
      "bullish_fractal_5d",
      0.126359
    ],
    [
      "rs_vs_mkt_3m",
      0.085184
    ],
    [
      "fisher",
      0.070972
    ],
    [
      "macd_diff",
      0.056268
    ],
    [
      "high_52w_ratio",
      0.055418
    ],
    [
      "vix_change_5d",
      0.053525
    ],
    [
      "vix_level",
      0.052722
    ],
    [
      "price_sma_5_ratio",
      0.052563
    ],
    [
      "adx",
      0.04709
    ],
    [
      "macd_slope_5d",
      0.039089
    ],
    [
      "bb_width",
      0.032974
    ],
    [
      "vzo",
      0.030576
    ],
    [
      "cmf",
      0.022521
    ],
    [
      "mom_accel",
      0.021867
    ],
    [
      "adx_di_diff",
      0.017414
    ],
    [
      "sp500_1m",
      0.015462
    ],
    [
      "vol_ratio",
      0.014883
    ]
  ],
  "calibration": [
    0.3802669796901795,
    0.40020480964957833,
    0.4045531263440175,
    0.40911113155870693,
    0.41244706182365054,
    0.41586001797456557,
    0.4190371443664776,
    0.42178785278363956,
    0.4244763873884804,
    0.42779285474962064,
    0.4308189585154701,
    0.43406394580145713,
    0.43772056628381545,
    0.4414191550958387,
    0.44483310620143457,
    0.4485067766009006,
    0.4509054350061953,
    0.45347949761312734,
    0.4557312920257727,
    0.45845253595756147,
    0.4604849198163615,
    0.4625830966320236,
    0.46403488776551527,
    0.46548421042351834,
    0.4668458478449956,
    0.4682291463644343,
    0.4695667882488099,
    0.47115238112069796,
    0.47246569531788346,
    0.4736831828944079,
    0.4749702041884059,
    0.47623544119159233,
    0.4777096490030932,
    0.47895149523129243,
    0.48033867725266477,
    0.4816158712280637,
    0.48270063195850377,
    0.4837096139665048,
    0.485135234604473,
    0.4866372309675004,
    0.48785461603764047,
    0.48915501082015844,
    0.49043259495954883,
    0.4915571936357042,
    0.49285968591277907,
    0.4937385066783735,
    0.49494836689030086,
    0.4961840451705363,
    0.49711437234279515,
    0.49800223196760895,
    0.4989873436236762,
    0.4997199444505347,
    0.50059419446465,
    0.5016087794345203,
    0.5026071476745673,
    0.5036751354207788,
    0.5048934248887537,
    0.5060733921175836,
    0.507281577737418,
    0.5080681597467467,
    0.5092727794259178,
    0.5104353797230796,
    0.5118253949185992,
    0.5127290298428886,
    0.5138692379154337,
    0.515011078562303,
    0.5158939912085565,
    0.5171919985140956,
    0.5183836863037394,
    0.5194507203063491,
    0.520871116293944,
    0.5218819212406485,
    0.5230372606019644,
    0.5240530470951132,
    0.5249837677019378,
    0.5259543701933073,
    0.5268855188177558,
    0.5277605802206723,
    0.5286443131258467,
    0.5297188646339533,
    0.5307846081313397,
    0.5316829342282672,
    0.5330714136325415,
    0.5345881052791324,
    0.535879403030706,
    0.5372166796989342,
    0.5387681269455683,
    0.5401161729217973,
    0.5416612627312781,
    0.5433377056921405,
    0.5447931151697114,
    0.5464655592162578,
    0.5484983582781708,
    0.5507263657971698,
    0.5540362876163341,
    0.5562452607543731,
    0.558634969938248,
    0.5621646246986142,
    0.568218493733068,
    0.5796735698719285,
    0.6415174735707386
  ]
}