{
  "parameters": {
    "n_estimators": 300,
    "max_depth": 4,
    "min_samples_split": 20,
    "min_samples_leaf": 20,
    "max_features": 0.5,
    "class_weight": "balanced"
  },
  "model_type": "binary_classifier",
  "target_definition": "top 25% / bottom 25% return in 10d (neutral zone)",
  "training_samples": 21996,
  "positive_rate": 0.5069,
  "cv_auc_mean": 0.5119,
  "cv_auc_std": 0.0238,
  "train_auc": 0.6505,
  "test_auc": 0.56,
  "test_logloss": 0.6881,
  "overfit_gap": 0.0905,
  "quality_pass": true,
  "training_duration": 20.7,
  "saved_at": "2026-03-02T00:29:08.780284",
  "model_version": "random_forest_v20260302_002908",
  "feature_importances": [
    [
      "atr_ratio",
      0.193707
    ],
    [
      "bullish_fractal_5d",
      0.109353
    ],
    [
      "rs_vs_mkt_3m",
      0.097482
    ],
    [
      "high_52w_ratio",
      0.063724
    ],
    [
      "fisher",
      0.058801
    ],
    [
      "macd_diff",
      0.049584
    ],
    [
      "vix_level",
      0.044651
    ],
    [
      "price_sma_5_ratio",
      0.043145
    ],
    [
      "vix_change_5d",
      0.041997
    ],
    [
      "adx",
      0.035772
    ],
    [
      "adx_di_diff",
      0.031022
    ],
    [
      "macd_slope_5d",
      0.030198
    ],
    [
      "bb_width",
      0.02873
    ],
    [
      "macd_diff_change",
      0.027135
    ],
    [
      "mom_accel",
      0.02536
    ],
    [
      "cmf",
      0.025333
    ],
    [
      "vzo",
      0.023998
    ],
    [
      "sp500_1m",
      0.017936
    ],
    [
      "vol_ratio",
      0.016123
    ],
    [
      "rs_vs_mkt_1m",
      0.010213
    ],
    [
      "candle_body",
      0.008216
    ],
    [
      "rsi_mfi_div",
      0.007914
    ],
    [
      "obv_change",
      0.00632
    ],
    [
      "vol_change",
      0.002537
    ],
    [
      "sqzmi",
      0.000751
    ]
  ],
  "calibration": [
    0.37728068478216226,
    0.40154200674316753,
    0.4070517277411153,
    0.41105362992206246,
    0.4145436168999684,
    0.4185084725881862,
    0.42138738354526367,
    0.4243003512789368,
    0.42699018507477304,
    0.43034328866029303,
    0.43382663746070926,
    0.43658029278039895,
    0.44004749634317736,
    0.4437629139859653,
    0.446109669091731,
    0.4489914640752312,
    0.4512444622657884,
    0.4531596356561436,
    0.45551550774575705,
    0.4573949299640911,
    0.4594407864478295,
    0.4609587653286365,
    0.4629248414045255,
    0.46417519525639006,
    0.4653737246784941,
    0.46634678239758615,
    0.4676363484772541,
    0.4688547870871127,
    0.4701171362099745,
    0.47128911546330515,
    0.4724343596656029,
    0.47366008334872434,
    0.47485064651959513,
    0.4760038174256094,
    0.47711934978324794,
    0.47805121897776215,
    0.4791752952825726,
    0.4801426007131657,
    0.48117396826597386,
    0.48227962021046156,
    0.48320010717775796,
    0.48436204075390116,
    0.4855784502128136,
    0.4865683853895239,
    0.4877280493520989,
    0.48878889907739864,
    0.48981376497939894,
    0.49094968167547254,
    0.4919611872208936,
    0.492906992705653,
    0.4938631568705738,
    0.49463143605386767,
    0.49548276797842344,
    0.496585544548205,
    0.4974275838324331,
    0.4983958469213987,
    0.4994003406955613,
    0.5006982631296822,
    0.5016326222257402,
    0.5029160271113637,
    0.504018014621861,
    0.5049893955063468,
    0.5062387102847813,
    0.5071466124557505,
    0.5080821251216975,
    0.5092103917833046,
    0.510274827283279,
    0.51145678302692,
    0.5124973769697783,
    0.5139183604352975,
    0.5147615777525002,
    0.516056220873568,
    0.5172613905124528,
    0.5183833101791737,
    0.5193955842674512,
    0.5203142157966804,
    0.5216811691481846,
    0.5227068504070758,
    0.5237458869008331,
    0.5248463705272752,
    0.5260736696856899,
    0.5271737650223359,
    0.5285048331181845,
    0.5298483200608696,
    0.5312012974172887,
    0.5328138438600818,
    0.534314162118398,
    0.5356370040892151,
    0.5369252686216459,
    0.5389750455796722,
    0.5409312346377733,
    0.5424481971236899,
    0.5440841226667686,
    0.5466602483129367,
    0.5488501140204861,
    0.5518211746907536,
    0.5545371648931624,
    0.5575954109893779,
    0.5633219167089458,
    0.5759617597914842,
    0.6389308487682172
  ]
}