{
  "parameters": {
    "n_estimators": 200,
    "max_depth": 2,
    "learning_rate": 0.05,
    "subsample": 0.7,
    "colsample_bytree": 0.6,
    "min_child_weight": 30,
    "reg_alpha": 1.0,
    "reg_lambda": 3.0,
    "scale_pos_weight": 1.0
  },
  "model_type": "binary_classifier",
  "target_definition": "top 25% / bottom 25% return in 10d (neutral zone)",
  "training_samples": 21276,
  "positive_rate": 0.5069,
  "cv_auc_mean": 0.5162,
  "cv_auc_std": 0.0318,
  "purging_days": 10,
  "train_auc": 0.6504,
  "test_auc": 0.5764,
  "test_logloss": 0.684,
  "overfit_gap": 0.074,
  "quality_pass": true,
  "training_duration": 0.6,
  "saved_at": "2026-03-03T09:23:37.054068",
  "model_version": "xgboost_v20260303_092337",
  "feature_importances": [
    [
      "vix_change_5d",
      0.081246
    ],
    [
      "bullish_fractal_5d",
      0.078825
    ],
    [
      "atr_ratio",
      0.074407
    ],
    [
      "fisher",
      0.062948
    ],
    [
      "vix_level",
      0.062478
    ],
    [
      "adx_di_diff",
      0.059889
    ],
    [
      "vzo",
      0.059554
    ],
    [
      "price_sma_5_ratio",
      0.056984
    ],
    [
      "sp500_1m",
      0.05601
    ],
    [
      "rs_vs_mkt_3m",
      0.054272
    ],
    [
      "high_52w_ratio",
      0.0538
    ],
    [
      "bb_width",
      0.050673
    ],
    [
      "adx",
      0.046896
    ],
    [
      "macd_slope_5d",
      0.046328
    ],
    [
      "mom_accel",
      0.042688
    ],
    [
      "macd_diff",
      0.041208
    ],
    [
      "cmf",
      0.038706
    ],
    [
      "vol_ratio",
      0.033089
    ]
  ],
  "calibration": [
    0.26834049820899963,
    0.3563296088576317,
    0.3720710653066635,
    0.3865118196606636,
    0.3959356963634491,
    0.4026846826076508,
    0.40916578471660614,
    0.41328204423189163,
    0.41843283772468565,
    0.42206773936748504,
    0.4261139154434204,
    0.4306217285990715,
    0.4339356064796448,
    0.43746110558509826,
    0.4417435222864151,
    0.4447740435600281,
    0.4486290645599365,
    0.45065807938575747,
    0.4529430419206619,
    0.4557461765408516,
    0.45757423639297484,
    0.46031561613082883,
    0.4629799050092697,
    0.4647959312796593,
    0.46690679430961607,
    0.4691915288567543,
    0.47073618590831756,
    0.47302128463983534,
    0.47457284569740293,
    0.47651321470737457,
    0.4784211844205856,
    0.48018528282642364,
    0.48196300625801086,
    0.4837631294131279,
    0.48531133472919463,
    0.48681098222732544,
    0.488654773235321,
    0.49008259296417234,
    0.4916362899541855,
    0.49331141233444215,
    0.49471273422241213,
    0.4966276443004608,
    0.49809965312480925,
    0.4998417890071869,
    0.5015292477607727,
    0.5034480154514313,
    0.5050717020034791,
    0.5074328881502151,
    0.5094995760917663,
    0.5110232800245285,
    0.5123516619205475,
    0.5139015644788743,
    0.5152725672721863,
    0.5168107831478119,
    0.5183304011821747,
    0.5199219137430191,
    0.5218471026420594,
    0.523513725399971,
    0.5253880202770234,
    0.5270438212156295,
    0.5286224484443665,
    0.5301205146312714,
    0.5317170023918152,
    0.5335056257247924,
    0.5348919653892517,
    0.5365456938743591,
    0.5382880008220673,
    0.5399712634086609,
    0.5416637873649597,
    0.5434310460090637,
    0.5447552859783172,
    0.5465742856264114,
    0.5481452941894531,
    0.5500411087274552,
    0.551578620672226,
    0.5534376502037048,
    0.5553085374832153,
    0.5571473306417465,
    0.5592918574810029,
    0.56169413626194,
    0.5640599370002747,
    0.566074520945549,
    0.5681183505058288,
    0.5701354312896728,
    0.5726635718345642,
    0.5755244195461273,
    0.5775833189487457,
    0.5796049129962921,
    0.5820567607879639,
    0.5845883834362031,
    0.5873938143253327,
    0.5914958906173706,
    0.5947211480140686,
    0.5985988014936447,
    0.6052894139289855,
    0.6104944407939911,
    0.6178534722328186,
    0.6258167499303817,
    0.6358630561828613,
    0.6561870020627976,
    0.754304826259613
  ]
}