{
  "parameters": {
    "n_estimators": 200,
    "max_depth": 2,
    "learning_rate": 0.05,
    "subsample": 0.7,
    "colsample_bytree": 0.6,
    "min_child_weight": 30,
    "reg_alpha": 1.0,
    "reg_lambda": 3.0,
    "scale_pos_weight": 1.0
  },
  "model_type": "binary_classifier",
  "target_definition": "top 25% / bottom 25% return in 10d (neutral zone)",
  "training_samples": 21276,
  "positive_rate": 0.5069,
  "cv_auc_mean": 0.5159,
  "cv_auc_std": 0.0302,
  "purging_days": 10,
  "train_auc": 0.6485,
  "test_auc": 0.5755,
  "test_logloss": 0.684,
  "overfit_gap": 0.0729,
  "quality_pass": true,
  "training_duration": 1.0,
  "saved_at": "2026-03-03T21:12:59.454885",
  "model_version": "xgboost_v20260303_211259",
  "feature_importances": [
    [
      "vix_change_5d",
      0.08614
    ],
    [
      "bullish_fractal_5d",
      0.085367
    ],
    [
      "vix_level",
      0.069274
    ],
    [
      "atr_ratio",
      0.068343
    ],
    [
      "vzo",
      0.063461
    ],
    [
      "sp500_1m",
      0.059678
    ],
    [
      "fisher",
      0.05826
    ],
    [
      "price_sma_5_ratio",
      0.055803
    ],
    [
      "adx_di_diff",
      0.054709
    ],
    [
      "rs_vs_mkt_3m",
      0.052809
    ],
    [
      "high_52w_ratio",
      0.052531
    ],
    [
      "macd_slope_5d",
      0.051846
    ],
    [
      "bb_width",
      0.049162
    ],
    [
      "adx",
      0.047776
    ],
    [
      "macd_diff",
      0.042488
    ],
    [
      "cmf",
      0.037073
    ],
    [
      "mom_accel",
      0.034896
    ],
    [
      "vol_ratio",
      0.030385
    ]
  ],
  "calibration": [
    0.3005423843860626,
    0.35779095530509947,
    0.37510956048965455,
    0.38837902158498766,
    0.3974784696102142,
    0.4049848437309265,
    0.4107096230983734,
    0.4151772877573967,
    0.4188990914821625,
    0.4235545715689659,
    0.4274838179349899,
    0.43134036839008333,
    0.4350918734073639,
    0.4391962119936943,
    0.4426013070344925,
    0.44562539756298064,
    0.4490901029109955,
    0.4527626505494118,
    0.4556014096736908,
    0.4578225952386856,
    0.4603303849697113,
    0.4624601686000824,
    0.46410070061683656,
    0.4657762250304222,
    0.4679533565044403,
    0.47043222188949585,
    0.47249540507793425,
    0.4744966349005699,
    0.47609092950820925,
    0.47756922245025635,
    0.47971459329128263,
    0.48132034480571745,
    0.4829468214511871,
    0.4848352783918381,
    0.48631315529346464,
    0.48800358921289444,
    0.4893471014499664,
    0.49120409190654757,
    0.4930426973104477,
    0.4946263062953949,
    0.49623053073883056,
    0.49778213739395144,
    0.49951614737510674,
    0.5012484419345855,
    0.5032558369636536,
    0.5049998581409454,
    0.5061399281024933,
    0.5077835428714752,
    0.5094953227043152,
    0.5111335188150405,
    0.5131275653839111,
    0.5151402080059051,
    0.5165160703659057,
    0.5181024646759034,
    0.5195992457866668,
    0.5208474069833756,
    0.5225151562690735,
    0.5239455562829971,
    0.5254723286628723,
    0.5268615543842315,
    0.5283364057540894,
    0.5297877281904221,
    0.5314136159420013,
    0.5327982378005981,
    0.5345058035850525,
    0.5362127989530563,
    0.537830514907837,
    0.539422543644905,
    0.5408142685890198,
    0.5423664110898971,
    0.5440155625343323,
    0.5454711610078812,
    0.5471179723739624,
    0.5485558223724365,
    0.5502972018718719,
    0.5519149601459503,
    0.5535033297538757,
    0.5557312005758286,
    0.5576664352416992,
    0.5593410700559616,
    0.5613881707191467,
    0.563950103521347,
    0.5659793770313263,
    0.568156510591507,
    0.5701801800727844,
    0.5724506437778473,
    0.5748087334632873,
    0.5773085415363312,
    0.5792207145690919,
    0.5820236146450043,
    0.5843188524246216,
    0.5873362290859222,
    0.5912501311302185,
    0.5954321068525315,
    0.5999625349044799,
    0.6059817880392074,
    0.6142284941673278,
    0.6218649679422378,
    0.6358909773826599,
    0.6533234417438507,
    0.7327544689178467
  ]
}